<?xml version="1.0" encoding="UTF-8"?>
<archetype-catalog xsi:schemaLocation="http://maven.apache.org/plugins/maven-archetype-plugin/archetype-catalog/1.0.0 http://maven.apache.org/xsd/archetype-catalog-1.0.0.xsd"
    xmlns="http://maven.apache.org/plugins/maven-archetype-plugin/archetype-catalog/1.0.0"
    xmlns:xsi="http://www.w3.org/2001/XMLSchema-instance">
  <archetypes>
    <archetype>
      <groupId>co.ntier</groupId>
      <artifactId>spring-mvc-archetype</artifactId>
      <version>1.0.2</version>
      <repository>http://maven-repository.com/artifact/co.ntier/spring-mvc-archetype/1.0.2</repository>
    </archetype>
  </archetypes>
</archetype-catalog>
