<?xml version="1.0" encoding="UTF-8"?>
<con:soapui-project id="adcbd309-4ea0-4791-baa5-c47edbb3612e" activeEnvironment="Default" name="soapApachecfx2" resourceRoot="" soapui-version="5.3.0" abortOnError="false" runType="SEQUENTIAL" xmlns:con="http://eviware.com/soapui/config"><con:settings/><con:interface xsi:type="con:WsdlInterface" id="1f4d2b0a-9eac-451a-8cb9-69c1f470c871" wsaVersion="NONE" name="ApachecfxServiceSoapBinding" type="wsdl" bindingName="{http://cfx2.rocky.gdg.com/}ApachecfxServiceSoapBinding" soapVersion="1_1" anonymous="optional" definition="http://localhost:8016/ApacheCFX2/services/ApachecfxPort?wsdl" xmlns:xsi="http://www.w3.org/2001/XMLSchema-instance"><con:settings/><con:definitionCache type="TEXT" rootPart="http://localhost:8016/ApacheCFX2/services/ApachecfxPort?wsdl"><con:part><con:url>http://localhost:8016/ApacheCFX2/services/ApachecfxPort?wsdl</con:url><con:content><![CDATA[<wsdl:definitions name="ApachecfxService" targetNamespace="http://cfx2.rocky.gdg.com/" xmlns:xsd="http://www.w3.org/2001/XMLSchema" xmlns:wsdl="http://schemas.xmlsoap.org/wsdl/" xmlns:tns="http://cfx2.rocky.gdg.com/" xmlns:soap="http://schemas.xmlsoap.org/wsdl/soap/">
  <wsdl:types>
    <xs:schema elementFormDefault="unqualified" targetNamespace="http://cfx2.rocky.gdg.com/" version="1.0" xmlns:xs="http://www.w3.org/2001/XMLSchema">
      <xs:element name="myString" type="tns:myString"/>
      <xs:element name="myStringResponse" type="tns:myStringResponse"/>
      <xs:complexType name="myString">
        <xs:sequence>
          <xs:element minOccurs="0" name="arg0" type="xs:string"/>
        </xs:sequence>
      </xs:complexType>
      <xs:complexType name="myStringResponse">
        <xs:sequence>
          <xs:element minOccurs="0" name="return" type="xs:string"/>
        </xs:sequence>
      </xs:complexType>
    </xs:schema>
  </wsdl:types>
  <wsdl:message name="myStringResponse">
    <wsdl:part element="tns:myStringResponse" name="parameters"></wsdl:part>
  </wsdl:message>
  <wsdl:message name="myString">
    <wsdl:part element="tns:myString" name="parameters"></wsdl:part>
  </wsdl:message>
  <wsdl:portType name="Apachecfx">
    <wsdl:operation name="myString">
      <wsdl:input message="tns:myString" name="myString"></wsdl:input>
      <wsdl:output message="tns:myStringResponse" name="myStringResponse"></wsdl:output>
    </wsdl:operation>
  </wsdl:portType>
  <wsdl:binding name="ApachecfxServiceSoapBinding" type="tns:Apachecfx">
    <soap:binding style="document" transport="http://schemas.xmlsoap.org/soap/http"/>
    <wsdl:operation name="myString">
      <soap:operation soapAction="" style="document"/>
      <wsdl:input name="myString">
        <soap:body use="literal"/>
      </wsdl:input>
      <wsdl:output name="myStringResponse">
        <soap:body use="literal"/>
      </wsdl:output>
    </wsdl:operation>
  </wsdl:binding>
  <wsdl:service name="ApachecfxService">
    <wsdl:port binding="tns:ApachecfxServiceSoapBinding" name="ApachecfxPort">
      <soap:address location="http://localhost:8016/ApacheCFX2/services/ApachecfxPort"/>
    </wsdl:port>
  </wsdl:service>
</wsdl:definitions>]]></con:content><con:type>http://schemas.xmlsoap.org/wsdl/</con:type></con:part></con:definitionCache><con:endpoints><con:endpoint>http://localhost:8016/ApacheCFX2/services/ApachecfxPort</con:endpoint></con:endpoints><con:operation id="71170616-d665-41b1-88df-f2b70c8c2112" isOneWay="false" action="" name="myString" bindingOperationName="myString" type="Request-Response" outputName="myStringResponse" inputName="myString" receivesAttachments="false" sendsAttachments="false" anonymous="optional"><con:settings/><con:call id="74ee822b-f92b-4e7b-bd54-c9933a93b4c5" name="Request 1"><con:settings/><con:encoding>UTF-8</con:encoding><con:endpoint>http://localhost:8016/ApacheCFX2/services/ApachecfxPort</con:endpoint><con:request><![CDATA[<soapenv:Envelope xmlns:soapenv="http://schemas.xmlsoap.org/soap/envelope/" xmlns:cfx2="http://cfx2.rocky.gdg.com/">\r
   <soapenv:Header/>\r
   <soapenv:Body>\r
      <cfx2:myString>\r
         <!--Optional:-->\r
         <arg0>?</arg0>\r
      </cfx2:myString>\r
   </soapenv:Body>\r
</soapenv:Envelope>]]></con:request><con:wsaConfig mustUnderstand="NONE" version="200508" action="http://cfx2.rocky.gdg.com/Apachecfx/myString"/></con:call></con:operation></con:interface><con:testSuite id="908f4493-d239-466d-86ae-3945ce5b837b" name="TestSuite 1"><con:settings/><con:runType>SEQUENTIAL</con:runType><con:testCase id="3c50511c-b83c-407a-b0ee-bb3df2b38f07" failOnError="true" failTestCaseOnErrors="true" keepSession="false" maxResults="0" name="TestCase 1" searchProperties="true"><con:settings/><con:testStep type="request" name="SOAP Request" id="67a89008-debc-40bc-aa06-bca0735ee919"><con:settings/><con:config xsi:type="con:RequestStep" xmlns:xsi="http://www.w3.org/2001/XMLSchema-instance"><con:interface>ApachecfxServiceSoapBinding</con:interface><con:operation>myString</con:operation><con:request name="SOAP Request" id="2be1ef26-9303-49b2-a9e8-0cc602fa430d"><con:settings><con:setting id="com.eviware.soapui.impl.wsdl.WsdlRequest@request-headers">&lt;xml-fragment/></con:setting></con:settings><con:encoding>UTF-8</con:encoding><con:endpoint>http://localhost:8016/ApacheCFX2/services/ApachecfxPort</con:endpoint><con:request><![CDATA[<soapenv:Envelope xmlns:soapenv="http://schemas.xmlsoap.org/soap/envelope/" xmlns:cfx2="http://cfx2.rocky.gdg.com/">\r
   <soapenv:Header/>\r
   <soapenv:Body>\r
      <cfx2:myString>lol</cfx2:myString>
   </soapenv:Body>\r
</soapenv:Envelope>]]></con:request><con:assertion type="SOAP Response" id="bb5d3627-8915-4225-8f70-3f61d714f36e"/><con:assertion type="Simple Contains" id="5155b298-c569-489b-80a3-5c8fc9680faa" name="Contains"><con:configuration><token>lol</token><ignoreCase>false</ignoreCase><useRegEx>false</useRegEx></con:configuration></con:assertion><con:credentials><con:authType>No Authorization</con:authType></con:credentials><con:jmsConfig JMSDeliveryMode="PERSISTENT"/><con:jmsPropertyConfig/><con:wsaConfig mustUnderstand="NONE" version="200508"/><con:wsrmConfig version="1.2"/></con:request></con:config></con:testStep><con:properties/></con:testCase><con:properties/></con:testSuite><con:properties/><con:wssContainer/><con:oAuth2ProfileContainer/><con:oAuth1ProfileContainer/></con:soapui-project>