<?xml version="1.0" encoding="UTF-8"?>
<con:soapui-project id="b6828ace-8645-47d1-8883-d5b0e69a6bbf" activeEnvironment="Default" name="soapInt" resourceRoot="" soapui-version="5.3.0" abortOnError="false" runType="SEQUENTIAL" xmlns:con="http://eviware.com/soapui/config"><con:settings/><con:interface xsi:type="con:WsdlInterface" id="f401513b-e034-409d-9518-34e4d2aaa4ca" wsaVersion="NONE" name="ApachecfxServiceSoapBinding" type="wsdl" bindingName="{http://cfx2.rocky.gdg.com/}ApachecfxServiceSoapBinding" soapVersion="1_1" anonymous="optional" definition="http://localhost:8010/ApacheCFX2/services/ApachecfxPort?wsdl" xmlns:xsi="http://www.w3.org/2001/XMLSchema-instance"><con:settings/><con:definitionCache type="TEXT" rootPart="http://localhost:8010/ApacheCFX2/services/ApachecfxPort?wsdl"><con:part><con:url>http://localhost:8010/ApacheCFX2/services/ApachecfxPort?wsdl</con:url><con:content><![CDATA[<wsdl:definitions name="ApachecfxService" targetNamespace="http://cfx2.rocky.gdg.com/" xmlns:xsd="http://www.w3.org/2001/XMLSchema" xmlns:wsdl="http://schemas.xmlsoap.org/wsdl/" xmlns:tns="http://cfx2.rocky.gdg.com/" xmlns:soap="http://schemas.xmlsoap.org/wsdl/soap/">
  <wsdl:types>
    <xs:schema elementFormDefault="unqualified" targetNamespace="http://cfx2.rocky.gdg.com/" version="1.0" xmlns:xs="http://www.w3.org/2001/XMLSchema">
      <xs:element name="myString" type="tns:myString"/>
      <xs:element name="myStringResponse" type="tns:myStringResponse"/>
      <xs:complexType name="myString">
        <xs:sequence>
          <xs:element minOccurs="0" name="arg0" type="xs:string"/>
        </xs:sequence>
      </xs:complexType>
      <xs:complexType name="myStringResponse">
        <xs:sequence>
          <xs:element minOccurs="0" name="return" type="xs:string"/>
        </xs:sequence>
      </xs:complexType>
    </xs:schema>
  </wsdl:types>
  <wsdl:message name="myStringResponse">
    <wsdl:part element="tns:myStringResponse" name="parameters"></wsdl:part>
  </wsdl:message>
  <wsdl:message name="myString">
    <wsdl:part element="tns:myString" name="parameters"></wsdl:part>
  </wsdl:message>
  <wsdl:portType name="Apachecfx">
    <wsdl:operation name="myString">
      <wsdl:input message="tns:myString" name="myString"></wsdl:input>
      <wsdl:output message="tns:myStringResponse" name="myStringResponse"></wsdl:output>
    </wsdl:operation>
  </wsdl:portType>
  <wsdl:binding name="ApachecfxServiceSoapBinding" type="tns:Apachecfx">
    <soap:binding style="document" transport="http://schemas.xmlsoap.org/soap/http"/>
    <wsdl:operation name="myString">
      <soap:operation soapAction="" style="document"/>
      <wsdl:input name="myString">
        <soap:body use="literal"/>
      </wsdl:input>
      <wsdl:output name="myStringResponse">
        <soap:body use="literal"/>
      </wsdl:output>
    </wsdl:operation>
  </wsdl:binding>
  <wsdl:service name="ApachecfxService">
    <wsdl:port binding="tns:ApachecfxServiceSoapBinding" name="ApachecfxPort">
      <soap:address location="http://localhost:8010/ApacheCFX2/services/ApachecfxPort"/>
    </wsdl:port>
  </wsdl:service>
</wsdl:definitions>]]></con:content><con:type>http://schemas.xmlsoap.org/wsdl/</con:type></con:part></con:definitionCache><con:endpoints><con:endpoint>http://localhost:8010/ApacheCFX2/services/ApachecfxPort</con:endpoint></con:endpoints><con:operation id="7d6eb660-09a6-4fa1-b98c-519881398e20" isOneWay="false" action="" name="myString" bindingOperationName="myString" type="Request-Response" outputName="myStringResponse" inputName="myString" receivesAttachments="false" sendsAttachments="false" anonymous="optional"><con:settings/><con:call id="148479ee-f160-4ad6-b282-e2e4b8d4be53" name="Request 1"><con:settings/><con:encoding>UTF-8</con:encoding><con:endpoint>http://localhost:8010/ApacheCFX2/services/ApachecfxPort</con:endpoint><con:request><![CDATA[<soapenv:Envelope xmlns:soapenv="http://schemas.xmlsoap.org/soap/envelope/" xmlns:cfx2="http://cfx2.rocky.gdg.com/">\r
   <soapenv:Header/>\r
   <soapenv:Body>\r
      <cfx2:myString>\r
         <!--Optional:-->\r
         <arg0>?</arg0>\r
      </cfx2:myString>\r
   </soapenv:Body>\r
</soapenv:Envelope>]]></con:request><con:wsaConfig mustUnderstand="NONE" version="200508" action="http://cfx2.rocky.gdg.com/Apachecfx/myString"/></con:call><con:call id="0fd06cd4-e429-4422-9c4a-b073596efa75" name="Request 2"><con:settings/><con:encoding>UTF-8</con:encoding><con:endpoint>http://localhost:8010/ApacheCFX2/services/ApachecfxPort</con:endpoint><con:request><![CDATA[<soapenv:Envelope xmlns:soapenv="http://schemas.xmlsoap.org/soap/envelope/" xmlns:cfx2="http://cfx2.rocky.gdg.com/">\r
   <soapenv:Header/>\r
   <soapenv:Body>\r
      <cfx2:myString>\r
         <!--Optional:-->\r
         <arg0>?</arg0>\r
      </cfx2:myString>\r
   </soapenv:Body>\r
</soapenv:Envelope>]]></con:request><con:credentials><con:authType>No Authorization</con:authType></con:credentials><con:jmsConfig JMSDeliveryMode="PERSISTENT"/><con:jmsPropertyConfig/><con:wsaConfig mustUnderstand="NONE" version="200508" action="http://cfx2.rocky.gdg.com/Apachecfx/myString"/><con:wsrmConfig version="1.2"/></con:call></con:operation></con:interface><con:properties/><con:wssContainer/><con:oAuth2ProfileContainer/><con:oAuth1ProfileContainer/></con:soapui-project>