<?xml version="1.0" encoding="UTF-8"?>

<mule xmlns:dw="http://www.mulesoft.org/schema/mule/ee/dw" xmlns:json="http://www.mulesoft.org/schema/mule/json" xmlns:http="http://www.mulesoft.org/schema/mule/http" xmlns="http://www.mulesoft.org/schema/mule/core" xmlns:doc="http://www.mulesoft.org/schema/mule/documentation"
	xmlns:spring="http://www.springframework.org/schema/beans" 
	xmlns:xsi="http://www.w3.org/2001/XMLSchema-instance"
	xsi:schemaLocation="http://www.springframework.org/schema/beans http://www.springframework.org/schema/beans/spring-beans-current.xsd
http://www.mulesoft.org/schema/mule/core http://www.mulesoft.org/schema/mule/core/current/mule.xsd
http://www.mulesoft.org/schema/mule/http http://www.mulesoft.org/schema/mule/http/current/mule-http.xsd
http://www.mulesoft.org/schema/mule/json http://www.mulesoft.org/schema/mule/json/current/mule-json.xsd
http://www.mulesoft.org/schema/mule/ee/dw http://www.mulesoft.org/schema/mule/ee/dw/current/dw.xsd">
    <http:listener-config name="HTTP_Listener_Configuration" host="localhost" port="8081" doc:name="HTTP Listener Configuration"/>
    <http:request-config name="HTTP_Request_Configuration" host="localhost" port="8082" doc:name="HTTP Request Configuration">
        <http:proxy host="10.87.231.29" port="80" username="ASingh3" password="@@rya@man1998"/>
    </http:request-config>
    <flow name="enrichment-flowFlow">
        <http:listener config-ref="HTTP_Listener_Configuration" path="/splitter-aggregator-enrichment" allowedMethods="POST" doc:name="HTTP"/>
        <json:json-to-object-transformer returnClass="java.util.ArrayList" doc:name="JSON String to ArrayList"/>
        <collection-splitter doc:name="Collection Splitter"/>
        <enricher source="#[payload]" target="#[flowVars.citiesForCurrentCountry]" doc:name="Message Enricher">
            <processor-chain doc:name="Processor Chain">
                <http:request config-ref="HTTP_Request_Configuration" path="/*" method="POST" doc:name="Get Cities By Country"/>
                <json:json-to-object-transformer returnClass="java.util.ArrayList" doc:name="JSON String to ArrayList"/>
            </processor-chain>
        </enricher>
        <set-payload value="#[flowVars.citiesForCurrentCountry]" doc:name="Set Payload"/>
        <collection-aggregator failOnTimeout="true" doc:name="Collection Aggregator"/>
        <json:object-to-json-transformer mimeType="text/json" doc:name="Object to JSON"/>
        <dw:transform-message doc:name="Transform Message">
            <dw:set-payload><![CDATA[%dw 1.0
%output application/json
---
flatten payload]]></dw:set-payload>
        </dw:transform-message>
    </flow>
</mule>
